{"cameraMode":{"drawMode":0,"name":"Shaded","section":"Shading Mode"},"sceneLighting":true,"audioPlay":false,"sceneViewState":{"showFog":true,"showMaterialUpdate":false,"showSkybox":true,"showFlares":true,"showImageEffects":true,"showParticleSystems":true},"in2DMode":false,"pivot":{"x":-5.090304851531982,"y":6.913565635681152,"z":19.744508743286134},"rotation":{"x":-0.14204832911491395,"y":0.06142561510205269,"z":-0.008831976912915707,"w":-0.9879100322723389},"size":11.579839706420899,"orthographic":false}